Field1,Field2,Field3,Field4,Field6,Field7,Field8,Field9,Field10,Field11,Field12,Field13,Field14,Field15,Field16,Field17,Field18,Field19,Field20
Dec-20,Dec-21,YTD 2020,YTD 2021,,Abraham Lincoln Birthplace NHP,"7,472","10,746","3,274","228,141","251,189","23,048", Total,"13,651,336","15,850,602","2,199,266","236,763,581","288,286,704","51,523,123"
Dec-20,Dec-21,YTD 2020,YTD 2021,,Acadia NP,"21,260","14,381","-6,879","2,669,034","4,069,148","1,400,114", Total,"13,651,336","15,850,602","2,199,266","236,763,581","288,286,704","51,523,123"
Dec-20,Dec-21,YTD 2020,YTD 2021,,Adams NHP,544,360,-184,"6,937","20,679","13,742", Total,"13,651,336","15,850,602","2,199,266","236,763,581","288,286,704","51,523,123"
Dec-20,Dec-21,YTD 2020,YTD 2021,,African Burial Ground NM,116,793,677,"7,908","9,167","1,259", Total,"13,651,336","15,850,602","2,199,266","236,763,581","288,286,704","51,523,123"
Dec-20,Dec-21,YTD 2020,YTD 2021,,Agate Fossil Beds NM,121,166,45,"8,722","18,264","9,542", Total,"13,651,336","15,850,602","2,199,266","236,763,581","288,286,704","51,523,123"
Dec-20,Dec-21,YTD 2020,YTD 2021,,Alibates Flint Quarries NM,383,461,78,"4,269","9,526","5,257", Total,"13,651,336","15,850,602","2,199,266","236,763,581","288,286,704","51,523,123"
Dec-20,Dec-21,YTD 2020,YTD 2021,,Allegheny Portage Railroad NHS,"8,727","12,295","3,568","136,029","187,919","51,890", Total,"13,651,336","15,850,602","2,199,266","236,763,581","288,286,704","51,523,123"
Dec-20,Dec-21,YTD 2020,YTD 2021,,Amistad NRA,"89,258","111,483","22,225","1,424,139","1,075,337","-348,802", Total,"13,651,336","15,850,602","2,199,266","236,763,581","288,286,704","51,523,123"
Dec-20,Dec-21,YTD 2020,YTD 2021,,Andersonville NHS,"5,713","2,613","-3,100","63,799","45,084","-18,715", Total,"13,651,336","15,850,602","2,199,266","236,763,581","288,286,704","51,523,123"
Dec-20,Dec-21,YTD 2020,YTD 2021,,Andrew Johnson NHS,"4,099","5,696","1,597","46,092","63,721","17,629", Total,"13,651,336","15,850,602","2,199,266","236,763,581","288,286,704","51,523,123"
Dec-20,Dec-21,YTD 2020,YTD 2021,,Aniakchak NM & PRES,0,0,0,36,36,0, Total,"13,651,336","15,850,602","2,199,266","236,763,581","288,286,704","51,523,123"
Dec-20,Dec-21,YTD 2020,YTD 2021,,Antietam NB,"4,358","9,586","5,228","85,884","110,545","24,661", Total,"13,651,336","15,850,602","2,199,266","236,763,581","288,286,704","51,523,123"
Dec-20,Dec-21,YTD 2020,YTD 2021,,Apostle Islands NL,"3,663","2,924",-739,"219,009","290,962","71,953", Total,"13,651,336","15,850,602","2,199,266","236,763,581","288,286,704","51,523,123"
Dec-20,Dec-21,YTD 2020,YTD 2021,,Appomattox Court House NHP,"4,466","2,536","-1,930","57,513","92,650","35,137", Total,"13,651,336","15,850,602","2,199,266","236,763,581","288,286,704","51,523,123"
Dec-20,Dec-21,YTD 2020,YTD 2021,,Arches NP,"64,042","53,900","-10,142","1,238,083","1,804,241","566,158", Total,"13,651,336","15,850,602","2,199,266","236,763,581","288,286,704","51,523,123"
Dec-20,Dec-21,YTD 2020,YTD 2021,,Arkansas Post NMEM,"1,506","1,980",474,"29,653","26,045","-3,608", Total,"13,651,336","15,850,602","2,199,266","236,763,581","288,286,704","51,523,123"
Dec-20,Dec-21,YTD 2020,YTD 2021,,Assateague Island NS,"57,325","65,820","8,495","2,481,660","2,662,716","181,056", Total,"13,651,336","15,850,602","2,199,266","236,763,581","288,286,704","51,523,123"
Dec-20,Dec-21,YTD 2020,YTD 2021,,Aztec Ruins NM,"1,466","2,223",757,"30,223","54,732","24,509", Total,"13,651,336","15,850,602","2,199,266","236,763,581","288,286,704","51,523,123"
Dec-20,Dec-21,YTD 2020,YTD 2021,,Badlands NP,"10,896","8,105","-2,791","916,932","1,224,226","307,294", Total,"13,651,336","15,850,602","2,199,266","236,763,581","288,286,704","51,523,123"
Dec-20,Dec-21,YTD 2020,YTD 2021,,Bandelier NM,"6,165","16,762","10,597","94,948","270,716","175,768", Total,"13,651,336","15,850,602","2,199,266","236,763,581","288,286,704","51,523,123"
Dec-20,Dec-21,YTD 2020,YTD 2021,,Belmont-Paul Women's Equality NM,0,0,0,"2,535",0,"-2,535", Total,"13,651,336","15,850,602","2,199,266","236,763,581","288,286,704","51,523,123"
Dec-20,Dec-21,YTD 2020,YTD 2021,,Bent's Old Fort NHS,504,456,-48,"12,438","21,585","9,147", Total,"13,651,336","15,850,602","2,199,266","236,763,581","288,286,704","51,523,123"
Dec-20,Dec-21,YTD 2020,YTD 2021,,Bering Land Bridge NPRES,168,168,0,"2,642","2,642",0, Total,"13,651,336","15,850,602","2,199,266","236,763,581","288,286,704","51,523,123"
Dec-20,Dec-21,YTD 2020,YTD 2021,,Big Bend NP,"60,314","57,095","-3,219","393,907","581,221","187,314", Total,"13,651,336","15,850,602","2,199,266","236,763,581","288,286,704","51,523,123"
Dec-20,Dec-21,YTD 2020,YTD 2021,,Big Cypress NPRES,"100,163","326,285","226,122","1,181,930","2,563,813","1,381,883", Total,"13,651,336","15,850,602","2,199,266","236,763,581","288,286,704","51,523,123"
Dec-20,Dec-21,YTD 2020,YTD 2021,,Big Hole NB,70,70,0,"36,234","31,262","-4,972", Total,"13,651,336","15,850,602","2,199,266","236,763,581","288,286,704","51,523,123"
Dec-20,Dec-21,YTD 2020,YTD 2021,,Big South Fork NRRA,"45,986","59,368","13,382","772,625","834,725","62,100", Total,"13,651,336","15,850,602","2,199,266","236,763,581","288,286,704","51,523,123"
Dec-20,Dec-21,YTD 2020,YTD 2021,,Big Thicket NPRES,"31,378","25,810","-5,568","309,053","290,837","-18,216", Total,"13,651,336","15,850,602","2,199,266","236,763,581","288,286,704","51,523,123"
Dec-20,Dec-21,YTD 2020,YTD 2021,,Bighorn Canyon NRA,"4,981","4,319",-662,"212,295","219,295","7,000", Total,"13,651,336","15,850,602","2,199,266","236,763,581","288,286,704","51,523,123"
Dec-20,Dec-21,YTD 2020,YTD 2021,,Biscayne NP,"20,616","13,080","-7,536","402,770","320,024","-82,746", Total,"13,651,336","15,850,602","2,199,266","236,763,581","288,286,704","51,523,123"
Dec-20,Dec-21,YTD 2020,YTD 2021,,Black Canyon of the Gunnison NP,"6,327","7,836","1,509","341,620","308,910","-32,710", Total,"13,651,336","15,850,602","2,199,266","236,763,581","288,286,704","51,523,123"
Dec-20,Dec-21,YTD 2020,YTD 2021,,Blue Ridge PKWY,"677,782","883,110","205,328","14,099,485","15,985,942","1,886,457", Total,"13,651,336","15,850,602","2,199,266","236,763,581","288,286,704","51,523,123"
Dec-20,Dec-21,YTD 2020,YTD 2021,,Bluestone NSR,0,0,0,"25,207","26,710","1,503", Total,"13,651,336","15,850,602","2,199,266","236,763,581","288,286,704","51,523,123"
Dec-20,Dec-21,YTD 2020,YTD 2021,,Booker T. Washington NM,"1,244",944,-300,"22,482","18,963","-3,519", Total,"13,651,336","15,850,602","2,199,266","236,763,581","288,286,704","51,523,123"
Dec-20,Dec-21,YTD 2020,YTD 2021,,Boston African American NHS,"1,175","3,144","1,969","89,616","239,238","149,622", Total,"13,651,336","15,850,602","2,199,266","236,763,581","288,286,704","51,523,123"
Dec-20,Dec-21,YTD 2020,YTD 2021,,Boston Harbor Islands NRA,,,0,,,0, Total,"13,651,336","15,850,602","2,199,266","236,763,581","288,286,704","51,523,123"
Dec-20,Dec-21,YTD 2020,YTD 2021,,Boston NHP,490,"69,380","68,890","277,170","1,101,321","824,151", Total,"13,651,336","15,850,602","2,199,266","236,763,581","288,286,704","51,523,123"
Dec-20,Dec-21,YTD 2020,YTD 2021,,Brown v. Board of Education NHS,0,712,712,"4,064","9,113","5,049", Total,"13,651,336","15,850,602","2,199,266","236,763,581","288,286,704","51,523,123"
Dec-20,Dec-21,YTD 2020,YTD 2021,,Bryce Canyon NP,"52,122","44,531","-7,591","1,464,655","2,104,600","639,945", Total,"13,651,336","15,850,602","2,199,266","236,763,581","288,286,704","51,523,123"
Dec-20,Dec-21,YTD 2020,YTD 2021,,Buck Island Reef NM,243,"3,639","3,396","16,032","45,664","29,632", Total,"13,651,336","15,850,602","2,199,266","236,763,581","288,286,704","51,523,123"
Dec-20,Dec-21,YTD 2020,YTD 2021,,Buffalo NR,"28,550","36,720","8,170","1,478,846","1,515,874","37,028", Total,"13,651,336","15,850,602","2,199,266","236,763,581","288,286,704","51,523,123"
Dec-20,Dec-21,YTD 2020,YTD 2021,,Cabrillo NM,"45,668","58,008","12,340","523,878","683,613","159,735", Total,"13,651,336","15,850,602","2,199,266","236,763,581","288,286,704","51,523,123"
Dec-20,Dec-21,YTD 2020,YTD 2021,,Camp Nelson NM,,,0,,,0, Total,"13,651,336","15,850,602","2,199,266","236,763,581","288,286,704","51,523,123"
Dec-20,Dec-21,YTD 2020,YTD 2021,,Canaveral NS,"141,212","163,853","22,641","1,162,950","2,218,059","1,055,109", Total,"13,651,336","15,850,602","2,199,266","236,763,581","288,286,704","51,523,123"
Dec-20,Dec-21,YTD 2020,YTD 2021,,Cane River Creole NHP,"1,532","1,283",-249,"17,430","14,985","-2,445", Total,"13,651,336","15,850,602","2,199,266","236,763,581","288,286,704","51,523,123"
Dec-20,Dec-21,YTD 2020,YTD 2021,,Canyon de Chelly NM,"1,246","15,134","13,888","76,752","184,191","107,439", Total,"13,651,336","15,850,602","2,199,266","236,763,581","288,286,704","51,523,123"
Dec-20,Dec-21,YTD 2020,YTD 2021,,Canyonlands NP,"24,112","22,268","-1,844","493,914","911,594","417,680", Total,"13,651,336","15,850,602","2,199,266","236,763,581","288,286,704","51,523,123"
Dec-20,Dec-21,YTD 2020,YTD 2021,,Cape Cod NS,"161,340","151,160","-10,180","4,083,505","4,017,239","-66,266", Total,"13,651,336","15,850,602","2,199,266","236,763,581","288,286,704","51,523,123"
Dec-20,Dec-21,YTD 2020,YTD 2021,,Cape Hatteras NS,"91,064","91,064",0,"2,648,522","3,190,177","541,655", Total,"13,651,336","15,850,602","2,199,266","236,763,581","288,286,704","51,523,123"
Dec-20,Dec-21,YTD 2020,YTD 2021,,Cape Krusenstern NM,"1,711","1,711",0,"11,369","12,162",793, Total,"13,651,336","15,850,602","2,199,266","236,763,581","288,286,704","51,523,123"
Dec-20,Dec-21,YTD 2020,YTD 2021,,Cape Lookout NS,"34,810","28,882","-5,928","488,331","562,461","74,130", Total,"13,651,336","15,850,602","2,199,266","236,763,581","288,286,704","51,523,123"
Dec-20,Dec-21,YTD 2020,YTD 2021,,Capitol Reef NP,"36,656","29,717","-6,939","981,038","1,405,353","424,315", Total,"13,651,336","15,850,602","2,199,266","236,763,581","288,286,704","51,523,123"
Dec-20,Dec-21,YTD 2020,YTD 2021,,Capulin Volcano NM,"3,274","4,899","1,625","63,335","106,623","43,288", Total,"13,651,336","15,850,602","2,199,266","236,763,581","288,286,704","51,523,123"
Dec-20,Dec-21,YTD 2020,YTD 2021,,Carl Sandburg Home NHS,"3,225","3,225",0,"42,672","48,527","5,855", Total,"13,651,336","15,850,602","2,199,266","236,763,581","288,286,704","51,523,123"
Dec-20,Dec-21,YTD 2020,YTD 2021,,Carlsbad Caverns NP,"16,868","29,575","12,707","183,835","349,244","165,409", Total,"13,651,336","15,850,602","2,199,266","236,763,581","288,286,704","51,523,123"
Dec-20,Dec-21,YTD 2020,YTD 2021,,Carter G. Woodson Home NHS,0,0,0,548,0,-548, Total,"13,651,336","15,850,602","2,199,266","236,763,581","288,286,704","51,523,123"
Dec-20,Dec-21,YTD 2020,YTD 2021,,Casa Grande Ruins NM,"3,844","5,107","1,263","44,269","49,261","4,992", Total,"13,651,336","15,850,602","2,199,266","236,763,581","288,286,704","51,523,123"
Dec-20,Dec-21,YTD 2020,YTD 2021,,Castillo de San Marcos NM,"23,633","57,576","33,943","251,061","498,623","247,562", Total,"13,651,336","15,850,602","2,199,266","236,763,581","288,286,704","51,523,123"
Dec-20,Dec-21,YTD 2020,YTD 2021,,Castle Clinton NM,"36,856","243,192","206,336","633,793","1,665,660","1,031,867", Total,"13,651,336","15,850,602","2,199,266","236,763,581","288,286,704","51,523,123"
Dec-20,Dec-21,YTD 2020,YTD 2021,,Catoctin Mountain Park,"27,468","20,942","-6,526","539,983","520,339","-19,644", Total,"13,651,336","15,850,602","2,199,266","236,763,581","288,286,704","51,523,123"
Dec-20,Dec-21,YTD 2020,YTD 2021,,Cedar Breaks NM,"24,134","23,256",-878,"845,867","772,886","-72,981", Total,"13,651,336","15,850,602","2,199,266","236,763,581","288,286,704","51,523,123"
Dec-20,Dec-21,YTD 2020,YTD 2021,,Cesar E. Chavez NM,150,696,546,"5,668","9,164","3,496", Total,"13,651,336","15,850,602","2,199,266","236,763,581","288,286,704","51,523,123"
Dec-20,Dec-21,YTD 2020,YTD 2021,,Chaco Culture NHP,267,267,0,"8,231","31,185","22,954", Total,"13,651,336","15,850,602","2,199,266","236,763,581","288,286,704","51,523,123"
Dec-20,Dec-21,YTD 2020,YTD 2021,,Chamizal NMEM,912,912,0,"19,180","14,193","-4,987", Total,"13,651,336","15,850,602","2,199,266","236,763,581","288,286,704","51,523,123"
Dec-20,Dec-21,YTD 2020,YTD 2021,,Channel Islands NP,"3,011","13,708","10,697","167,290","280,138","112,848", Total,"13,651,336","15,850,602","2,199,266","236,763,581","288,286,704","51,523,123"
Dec-20,Dec-21,YTD 2020,YTD 2021,,Charles Pinckney NHS,"2,025",880,"-1,145","23,723","24,854","1,131", Total,"13,651,336","15,850,602","2,199,266","236,763,581","288,286,704","51,523,123"
Dec-20,Dec-21,YTD 2020,YTD 2021,,Charles Young Buffalo Soldiers NM,340,102,-238,"2,461","8,110","5,649", Total,"13,651,336","15,850,602","2,199,266","236,763,581","288,286,704","51,523,123"
Dec-20,Dec-21,YTD 2020,YTD 2021,,Chattahoochee River NRA,"214,881","218,281","3,400","3,066,877","3,256,153","189,276", Total,"13,651,336","15,850,602","2,199,266","236,763,581","288,286,704","51,523,123"
Dec-20,Dec-21,YTD 2020,YTD 2021,,Chesapeake & Ohio Canal NHP,"347,004","346,151",-853,"4,888,436","4,986,914","98,478", Total,"13,651,336","15,850,602","2,199,266","236,763,581","288,286,704","51,523,123"
Dec-20,Dec-21,YTD 2020,YTD 2021,,Chickamauga & Chattanooga NMP,"63,562","67,712","4,150","678,414","945,390","266,976", Total,"13,651,336","15,850,602","2,199,266","236,763,581","288,286,704","51,523,123"
Dec-20,Dec-21,YTD 2020,YTD 2021,,Chickasaw NRA,"51,113","13,813","-37,300","1,348,122","1,496,582","148,460", Total,"13,651,336","15,850,602","2,199,266","236,763,581","288,286,704","51,523,123"
Dec-20,Dec-21,YTD 2020,YTD 2021,,Chiricahua NM,"4,333","4,155",-178,"44,794","53,414","8,620", Total,"13,651,336","15,850,602","2,199,266","236,763,581","288,286,704","51,523,123"
Dec-20,Dec-21,YTD 2020,YTD 2021,,Christiansted NHS,43,"8,128","8,085","23,816","91,200","67,384", Total,"13,651,336","15,850,602","2,199,266","236,763,581","288,286,704","51,523,123"
Dec-20,Dec-21,YTD 2020,YTD 2021,,City of Rocks NRES,"2,092","2,393",301,"110,203","97,376","-12,827", Total,"13,651,336","15,850,602","2,199,266","236,763,581","288,286,704","51,523,123"
Dec-20,Dec-21,YTD 2020,YTD 2021,,Clara Barton NHS,0,0,0,450,0,-450, Total,"13,651,336","15,850,602","2,199,266","236,763,581","288,286,704","51,523,123"
Dec-20,Dec-21,YTD 2020,YTD 2021,,Colonial NHP,"171,985","171,983",-2,"2,946,594","3,034,104","87,510", Total,"13,651,336","15,850,602","2,199,266","236,763,581","288,286,704","51,523,123"
Dec-20,Dec-21,YTD 2020,YTD 2021,,Colorado NM,"27,667","27,572",-95,"435,625","499,398","63,773", Total,"13,651,336","15,850,602","2,199,266","236,763,581","288,286,704","51,523,123"
Dec-20,Dec-21,YTD 2020,YTD 2021,,Congaree NP,"14,638","17,306","2,668","119,306","215,181","95,875", Total,"13,651,336","15,850,602","2,199,266","236,763,581","288,286,704","51,523,123"
Dec-20,Dec-21,YTD 2020,YTD 2021,,Coronado NMEM,"7,955","13,662","5,707","156,199","129,758","-26,441", Total,"13,651,336","15,850,602","2,199,266","236,763,581","288,286,704","51,523,123"
Dec-20,Dec-21,YTD 2020,YTD 2021,,Cowpens NB,"17,343","12,896","-4,447","226,903","204,811","-22,092", Total,"13,651,336","15,850,602","2,199,266","236,763,581","288,286,704","51,523,123"
Dec-20,Dec-21,YTD 2020,YTD 2021,,Crater Lake NP,"26,100","7,180","-18,920","670,500","647,751","-22,749", Total,"13,651,336","15,850,602","2,199,266","236,763,581","288,286,704","51,523,123"
Dec-20,Dec-21,YTD 2020,YTD 2021,,Craters of the Moon NM & PRES,"4,820","3,277","-1,543","250,872","270,830","19,958", Total,"13,651,336","15,850,602","2,199,266","236,763,581","288,286,704","51,523,123"
Dec-20,Dec-21,YTD 2020,YTD 2021,,Cumberland Gap NHP,"34,668","36,844","2,176","735,447","823,303","87,856", Total,"13,651,336","15,850,602","2,199,266","236,763,581","288,286,704","51,523,123"
Dec-20,Dec-21,YTD 2020,YTD 2021,,Cumberland Island NS,"4,284","5,052",768,"37,295","72,240","34,945", Total,"13,651,336","15,850,602","2,199,266","236,763,581","288,286,704","51,523,123"
Dec-20,Dec-21,YTD 2020,YTD 2021,,Curecanti NRA,"20,403","40,835","20,432","921,584","1,043,725","122,141", Total,"13,651,336","15,850,602","2,199,266","236,763,581","288,286,704","51,523,123"
Dec-20,Dec-21,YTD 2020,YTD 2021,,Cuyahoga Valley NP,"123,870","114,532","-9,338","2,755,628","2,575,275","-180,353", Total,"13,651,336","15,850,602","2,199,266","236,763,581","288,286,704","51,523,123"
Dec-20,Dec-21,YTD 2020,YTD 2021,,Dayton Aviation Heritage NHP,"10,230","14,735","4,505","39,851","65,735","25,884", Total,"13,651,336","15,850,602","2,199,266","236,763,581","288,286,704","51,523,123"
Dec-20,Dec-21,YTD 2020,YTD 2021,,De Soto NMEM,"19,677","28,074","8,397","196,114","222,380","26,266", Total,"13,651,336","15,850,602","2,199,266","236,763,581","288,286,704","51,523,123"
Dec-20,Dec-21,YTD 2020,YTD 2021,,Death Valley NP,"94,098","114,502","20,404","820,023","1,146,551","326,528", Total,"13,651,336","15,850,602","2,199,266","236,763,581","288,286,704","51,523,123"
Dec-20,Dec-21,YTD 2020,YTD 2021,,Delaware Water Gap NRA,"193,832","185,564","-8,268","4,068,529","4,340,902","272,373", Total,"13,651,336","15,850,602","2,199,266","236,763,581","288,286,704","51,523,123"
Dec-20,Dec-21,YTD 2020,YTD 2021,,Denali NP & PRES,4,9,5,"54,850","201,685","146,835", Total,"13,651,336","15,850,602","2,199,266","236,763,581","288,286,704","51,523,123"
Dec-20,Dec-21,YTD 2020,YTD 2021,,Devils Postpile NM,0,0,0,"108,590","145,387","36,797", Total,"13,651,336","15,850,602","2,199,266","236,763,581","288,286,704","51,523,123"
Dec-20,Dec-21,YTD 2020,YTD 2021,,Devils Tower NM,"5,354","3,913","-1,441","423,997","550,712","126,715", Total,"13,651,336","15,850,602","2,199,266","236,763,581","288,286,704","51,523,123"
Dec-20,Dec-21,YTD 2020,YTD 2021,,Dinosaur NM,"6,008","4,468","-1,540","264,145","359,560","95,415", Total,"13,651,336","15,850,602","2,199,266","236,763,581","288,286,704","51,523,123"
Dec-20,Dec-21,YTD 2020,YTD 2021,,Dry Tortugas NP,"6,395",819,"-5,576","48,543","71,832","23,289", Total,"13,651,336","15,850,602","2,199,266","236,763,581","288,286,704","51,523,123"
Dec-20,Dec-21,YTD 2020,YTD 2021,,Dwight D. Eisenhower MEM,,,0,,,0, Total,"13,651,336","15,850,602","2,199,266","236,763,581","288,286,704","51,523,123"
Dec-20,Dec-21,YTD 2020,YTD 2021,,Edgar Allan Poe NHS,0,0,0,"2,418",0,"-2,418", Total,"13,651,336","15,850,602","2,199,266","236,763,581","288,286,704","51,523,123"
Dec-20,Dec-21,YTD 2020,YTD 2021,,Effigy Mounds NM,"1,300","1,708",408,"18,225","66,734","48,509", Total,"13,651,336","15,850,602","2,199,266","236,763,581","288,286,704","51,523,123"
Dec-20,Dec-21,YTD 2020,YTD 2021,,Eisenhower NHS,6,218,212,"7,926","16,915","8,989", Total,"13,651,336","15,850,602","2,199,266","236,763,581","288,286,704","51,523,123"
Dec-20,Dec-21,YTD 2020,YTD 2021,,El Malpais NM,"8,913","7,828","-1,085","139,336","181,729","42,393", Total,"13,651,336","15,850,602","2,199,266","236,763,581","288,286,704","51,523,123"
Dec-20,Dec-21,YTD 2020,YTD 2021,,El Morro NM,"2,390","2,408",18,"36,328","66,734","30,406", Total,"13,651,336","15,850,602","2,199,266","236,763,581","288,286,704","51,523,123"
Dec-20,Dec-21,YTD 2020,YTD 2021,,Eleanor Roosevelt NHS,498,956,458,"9,575","12,416","2,841", Total,"13,651,336","15,850,602","2,199,266","236,763,581","288,286,704","51,523,123"
Dec-20,Dec-21,YTD 2020,YTD 2021,,Eugene O'Neill NHS,"1,450","1,504",54,"14,423","22,655","8,232", Total,"13,651,336","15,850,602","2,199,266","236,763,581","288,286,704","51,523,123"
Dec-20,Dec-21,YTD 2020,YTD 2021,,Everglades NP,"79,579","61,542","-18,037","702,319","911,898","209,579", Total,"13,651,336","15,850,602","2,199,266","236,763,581","288,286,704","51,523,123"
Dec-20,Dec-21,YTD 2020,YTD 2021,,Federal Hall NMEM,0,0,0,"13,822","4,583","-9,239", Total,"13,651,336","15,850,602","2,199,266","236,763,581","288,286,704","51,523,123"
Dec-20,Dec-21,YTD 2020,YTD 2021,,Fire Island NS,"17,852","7,498","-10,354","250,449","224,927","-25,522", Total,"13,651,336","15,850,602","2,199,266","236,763,581","288,286,704","51,523,123"
Dec-20,Dec-21,YTD 2020,YTD 2021,,First Ladies NHS,48,814,766,"2,406","6,562","4,156", Total,"13,651,336","15,850,602","2,199,266","236,763,581","288,286,704","51,523,123"
Dec-20,Dec-21,YTD 2020,YTD 2021,,Flight 93 NMEM,"5,020","11,386","6,366","244,364","401,810","157,446", Total,"13,651,336","15,850,602","2,199,266","236,763,581","288,286,704","51,523,123"
Dec-20,Dec-21,YTD 2020,YTD 2021,,Florissant Fossil Beds NM,"1,895","2,113",218,"61,081","75,129","14,048", Total,"13,651,336","15,850,602","2,199,266","236,763,581","288,286,704","51,523,123"
Dec-20,Dec-21,YTD 2020,YTD 2021,,Ford's Theatre NHS,0,"19,221","19,221","56,058","101,146","45,088", Total,"13,651,336","15,850,602","2,199,266","236,763,581","288,286,704","51,523,123"
Dec-20,Dec-21,YTD 2020,YTD 2021,,Fort Bowie NHS,787,751,-36,"6,456","9,280","2,824", Total,"13,651,336","15,850,602","2,199,266","236,763,581","288,286,704","51,523,123"
Dec-20,Dec-21,YTD 2020,YTD 2021,,Fort Caroline NMEM,"23,036","37,784","14,748","404,476","323,852","-80,624", Total,"13,651,336","15,850,602","2,199,266","236,763,581","288,286,704","51,523,123"
Dec-20,Dec-21,YTD 2020,YTD 2021,,Fort Davis NHS,"2,702","3,725","1,023","35,920","48,164","12,244", Total,"13,651,336","15,850,602","2,199,266","236,763,581","288,286,704","51,523,123"
Dec-20,Dec-21,YTD 2020,YTD 2021,,Fort Donelson NB,"13,959","35,092","21,133","325,496","372,488","46,992", Total,"13,651,336","15,850,602","2,199,266","236,763,581","288,286,704","51,523,123"
Dec-20,Dec-21,YTD 2020,YTD 2021,,Fort Frederica NM,"17,303","14,561","-2,742","210,892","165,524","-45,368", Total,"13,651,336","15,850,602","2,199,266","236,763,581","288,286,704","51,523,123"
Dec-20,Dec-21,YTD 2020,YTD 2021,,Fort Laramie NHS,725,925,200,"26,066","42,905","16,839", Total,"13,651,336","15,850,602","2,199,266","236,763,581","288,286,704","51,523,123"
Dec-20,Dec-21,YTD 2020,YTD 2021,,Fort Larned NHS,926,"1,020",94,"21,895","29,442","7,547", Total,"13,651,336","15,850,602","2,199,266","236,763,581","288,286,704","51,523,123"
Dec-20,Dec-21,YTD 2020,YTD 2021,,Fort Matanzas NM,"32,778","40,781","8,003","543,590","562,114","18,524", Total,"13,651,336","15,850,602","2,199,266","236,763,581","288,286,704","51,523,123"
Dec-20,Dec-21,YTD 2020,YTD 2021,,Fort McHenry NM & HS,"7,198","7,046",-152,"163,224","150,075","-13,149", Total,"13,651,336","15,850,602","2,199,266","236,763,581","288,286,704","51,523,123"
Dec-20,Dec-21,YTD 2020,YTD 2021,,Fort Necessity NB,"4,688","4,936",248,"199,801","332,603","132,802", Total,"13,651,336","15,850,602","2,199,266","236,763,581","288,286,704","51,523,123"
Dec-20,Dec-21,YTD 2020,YTD 2021,,Fort Point NHS,"90,102","78,303","-11,799","884,538","947,238","62,700", Total,"13,651,336","15,850,602","2,199,266","236,763,581","288,286,704","51,523,123"
Dec-20,Dec-21,YTD 2020,YTD 2021,,Fort Pulaski NM,"30,658","32,273","1,615","357,970","419,482","61,512", Total,"13,651,336","15,850,602","2,199,266","236,763,581","288,286,704","51,523,123"
Dec-20,Dec-21,YTD 2020,YTD 2021,,Fort Raleigh NHS,"9,310","10,004",694,"153,519","293,447","139,928", Total,"13,651,336","15,850,602","2,199,266","236,763,581","288,286,704","51,523,123"
Dec-20,Dec-21,YTD 2020,YTD 2021,,Fort Scott NHS,720,"1,237",517,"14,652","22,894","8,242", Total,"13,651,336","15,850,602","2,199,266","236,763,581","288,286,704","51,523,123"
Dec-20,Dec-21,YTD 2020,YTD 2021,,Fort Smith NHS,"4,342","6,024","1,682","67,574","99,854","32,280", Total,"13,651,336","15,850,602","2,199,266","236,763,581","288,286,704","51,523,123"
Dec-20,Dec-21,YTD 2020,YTD 2021,,Fort Stanwix NM,659,"1,053",394,"24,134","45,684","21,550", Total,"13,651,336","15,850,602","2,199,266","236,763,581","288,286,704","51,523,123"
Dec-20,Dec-21,YTD 2020,YTD 2021,,Fort Sumter and Fort Moultrie NHP,"27,672","26,481","-1,191","365,133","349,492","-15,641", Total,"13,651,336","15,850,602","2,199,266","236,763,581","288,286,704","51,523,123"
Dec-20,Dec-21,YTD 2020,YTD 2021,,Fort Union NM,320,446,126,"5,334","12,618","7,284", Total,"13,651,336","15,850,602","2,199,266","236,763,581","288,286,704","51,523,123"
Dec-20,Dec-21,YTD 2020,YTD 2021,,Fort Union Trading Post NHS,48,28,-20,"5,225","11,479","6,254", Total,"13,651,336","15,850,602","2,199,266","236,763,581","288,286,704","51,523,123"
Dec-20,Dec-21,YTD 2020,YTD 2021,,Fort Vancouver NHS,"39,308","51,447","12,139","670,111","850,526","180,415", Total,"13,651,336","15,850,602","2,199,266","236,763,581","288,286,704","51,523,123"
Dec-20,Dec-21,YTD 2020,YTD 2021,,Fort Washington Park,"24,893","20,287","-4,606","160,289","636,276","475,987", Total,"13,651,336","15,850,602","2,199,266","236,763,581","288,286,704","51,523,123"
Dec-20,Dec-21,YTD 2020,YTD 2021,,Fossil Butte NM,138,162,24,"13,176","21,153","7,977", Total,"13,651,336","15,850,602","2,199,266","236,763,581","288,286,704","51,523,123"
Dec-20,Dec-21,YTD 2020,YTD 2021,,Franklin Delano Roosevelt MEM,"74,635","136,178","61,543","1,010,986","2,022,050","1,011,064", Total,"13,651,336","15,850,602","2,199,266","236,763,581","288,286,704","51,523,123"
Dec-20,Dec-21,YTD 2020,YTD 2021,,Frederick Douglass NHS,0,55,55,"10,969","1,807","-9,162", Total,"13,651,336","15,850,602","2,199,266","236,763,581","288,286,704","51,523,123"
Dec-20,Dec-21,YTD 2020,YTD 2021,,Frederick Law Olmsted NHS,100,62,-38,"2,570","4,300","1,730", Total,"13,651,336","15,850,602","2,199,266","236,763,581","288,286,704","51,523,123"
Dec-20,Dec-21,YTD 2020,YTD 2021,,Fredericksburg & Spotsylvania NMP,"54,276","75,174","20,898","838,835","756,706","-82,129", Total,"13,651,336","15,850,602","2,199,266","236,763,581","288,286,704","51,523,123"
Dec-20,Dec-21,YTD 2020,YTD 2021,,Friendship Hill NHS,986,986,0,"19,462","17,349","-2,113", Total,"13,651,336","15,850,602","2,199,266","236,763,581","288,286,704","51,523,123"
Dec-20,Dec-21,YTD 2020,YTD 2021,,Gates of the Arctic NP & PRES,0,0,0,"2,872","7,333","4,461", Total,"13,651,336","15,850,602","2,199,266","236,763,581","288,286,704","51,523,123"
Dec-20,Dec-21,YTD 2020,YTD 2021,,Gateway Arch NP,"29,529","64,253","34,724","486,021","1,145,083","659,062", Total,"13,651,336","15,850,602","2,199,266","236,763,581","288,286,704","51,523,123"
Dec-20,Dec-21,YTD 2020,YTD 2021,,Gateway NRA,"392,636","502,820","110,184","8,404,728","9,058,049","653,321", Total,"13,651,336","15,850,602","2,199,266","236,763,581","288,286,704","51,523,123"
Dec-20,Dec-21,YTD 2020,YTD 2021,,Gauley River NRA,"4,148","5,825","1,677","109,378","167,329","57,951", Total,"13,651,336","15,850,602","2,199,266","236,763,581","288,286,704","51,523,123"
Dec-20,Dec-21,YTD 2020,YTD 2021,,General Grant NMEM,36,"5,430","5,394","24,475","57,487","33,012", Total,"13,651,336","15,850,602","2,199,266","236,763,581","288,286,704","51,523,123"
Dec-20,Dec-21,YTD 2020,YTD 2021,,George Rogers Clark NHP,"2,023","3,869","1,846","56,108","116,088","59,980", Total,"13,651,336","15,850,602","2,199,266","236,763,581","288,286,704","51,523,123"
Dec-20,Dec-21,YTD 2020,YTD 2021,,George Washington Birthplace NM,"1,432",464,-968,"41,970","101,799","59,829", Total,"13,651,336","15,850,602","2,199,266","236,763,581","288,286,704","51,523,123"
Dec-20,Dec-21,YTD 2020,YTD 2021,,George Washington Carver NM,"1,322","1,009",-313,"26,569","25,838",-731, Total,"13,651,336","15,850,602","2,199,266","236,763,581","288,286,704","51,523,123"
Dec-20,Dec-21,YTD 2020,YTD 2021,,George Washington MEM PKWY,"394,299","394,299",0,"6,237,361","1,450,459","-4,786,902", Total,"13,651,336","15,850,602","2,199,266","236,763,581","288,286,704","51,523,123"
Dec-20,Dec-21,YTD 2020,YTD 2021,,Gettysburg NMP,"18,940","19,355",415,"536,553","687,631","151,078", Total,"13,651,336","15,850,602","2,199,266","236,763,581","288,286,704","51,523,123"
Dec-20,Dec-21,YTD 2020,YTD 2021,,Gila Cliff Dwellings NM,"1,733","1,733",0,"31,645","39,463","7,818", Total,"13,651,336","15,850,602","2,199,266","236,763,581","288,286,704","51,523,123"
Dec-20,Dec-21,YTD 2020,YTD 2021,,Glacier Bay NP & PRES,171,173,2,"5,748","89,768","84,020", Total,"13,651,336","15,850,602","2,199,266","236,763,581","288,286,704","51,523,123"
Dec-20,Dec-21,YTD 2020,YTD 2021,,Glacier NP,"28,196","28,196",0,"1,698,864","3,091,923","1,393,059", Total,"13,651,336","15,850,602","2,199,266","236,763,581","288,286,704","51,523,123"
Dec-20,Dec-21,YTD 2020,YTD 2021,,Glen Canyon NRA,"77,131","56,643","-20,488","2,553,392","1,926,558","-626,834", Total,"13,651,336","15,850,602","2,199,266","236,763,581","288,286,704","51,523,123"
Dec-20,Dec-21,YTD 2020,YTD 2021,,Golden Gate NRA,"909,099","962,605","53,506","12,400,045","14,182,565","1,782,520", Total,"13,651,336","15,850,602","2,199,266","236,763,581","288,286,704","51,523,123"
Dec-20,Dec-21,YTD 2020,YTD 2021,,Golden Spike NHP,"3,534","1,473","-2,061","53,106","52,912",-194, Total,"13,651,336","15,850,602","2,199,266","236,763,581","288,286,704","51,523,123"
Dec-20,Dec-21,YTD 2020,YTD 2021,,Governors Island NM,0,0,0,"102,915","191,257","88,342", Total,"13,651,336","15,850,602","2,199,266","236,763,581","288,286,704","51,523,123"
Dec-20,Dec-21,YTD 2020,YTD 2021,,Grand Canyon NP,"245,830","280,593","34,763","2,897,098","4,531,346","1,634,248", Total,"13,651,336","15,850,602","2,199,266","236,763,581","288,286,704","51,523,123"
Dec-20,Dec-21,YTD 2020,YTD 2021,,Grand Portage NM,"1,047","1,017",-30,"66,426","83,709","17,283", Total,"13,651,336","15,850,602","2,199,266","236,763,581","288,286,704","51,523,123"
Dec-20,Dec-21,YTD 2020,YTD 2021,,Grand Teton NP,"61,416","51,800","-9,616","3,289,638","3,885,230","595,592", Total,"13,651,336","15,850,602","2,199,266","236,763,581","288,286,704","51,523,123"
Dec-20,Dec-21,YTD 2020,YTD 2021,,Grant-Kohrs Ranch NHS,650,526,-124,"15,328","24,476","9,148", Total,"13,651,336","15,850,602","2,199,266","236,763,581","288,286,704","51,523,123"
Dec-20,Dec-21,YTD 2020,YTD 2021,,Great Basin NP,"1,879","1,657",-222,"120,248","144,876","24,628", Total,"13,651,336","15,850,602","2,199,266","236,763,581","288,286,704","51,523,123"
Dec-20,Dec-21,YTD 2020,YTD 2021,,Great Sand Dunes NP & PRES,"9,635","9,335",-300,"461,532","602,614","141,082", Total,"13,651,336","15,850,602","2,199,266","236,763,581","288,286,704","51,523,123"
Dec-20,Dec-21,YTD 2020,YTD 2021,,Great Smoky Mountains NP,"777,584","833,071","55,487","12,095,720","14,137,811","2,042,091", Total,"13,651,336","15,850,602","2,199,266","236,763,581","288,286,704","51,523,123"
Dec-20,Dec-21,YTD 2020,YTD 2021,,Greenbelt Park,"1,964","1,200",-764,"28,319","23,895","-4,424", Total,"13,651,336","15,850,602","2,199,266","236,763,581","288,286,704","51,523,123"
Dec-20,Dec-21,YTD 2020,YTD 2021,,Guadalupe Mountains NP,"17,315","25,668","8,353","151,256","243,291","92,035", Total,"13,651,336","15,850,602","2,199,266","236,763,581","288,286,704","51,523,123"
Dec-20,Dec-21,YTD 2020,YTD 2021,,Guilford Courthouse NMP,"11,531","20,749","9,218","186,020","211,689","25,669", Total,"13,651,336","15,850,602","2,199,266","236,763,581","288,286,704","51,523,123"
Dec-20,Dec-21,YTD 2020,YTD 2021,,Gulf Islands NS,"230,188","359,867","129,679","4,012,129","5,458,816","1,446,687", Total,"13,651,336","15,850,602","2,199,266","236,763,581","288,286,704","51,523,123"
Dec-20,Dec-21,YTD 2020,YTD 2021,,Hagerman Fossil Beds NM,138,159,21,"14,113","8,236","-5,877", Total,"13,651,336","15,850,602","2,199,266","236,763,581","288,286,704","51,523,123"
Dec-20,Dec-21,YTD 2020,YTD 2021,,Haleakala NP,"56,382","76,487","20,105","319,147","839,423","520,276", Total,"13,651,336","15,850,602","2,199,266","236,763,581","288,286,704","51,523,123"
Dec-20,Dec-21,YTD 2020,YTD 2021,,Hamilton Grange NMEM,950,"2,391","1,441","23,015","29,096","6,081", Total,"13,651,336","15,850,602","2,199,266","236,763,581","288,286,704","51,523,123"
Dec-20,Dec-21,YTD 2020,YTD 2021,,Hampton NHS,406,"1,354",948,"8,728","8,942",214, Total,"13,651,336","15,850,602","2,199,266","236,763,581","288,286,704","51,523,123"
Dec-20,Dec-21,YTD 2020,YTD 2021,,Harpers Ferry NHP,"11,383","10,507",-876,"234,473","309,901","75,428", Total,"13,651,336","15,850,602","2,199,266","236,763,581","288,286,704","51,523,123"
Dec-20,Dec-21,YTD 2020,YTD 2021,,Harry S Truman NHS,238,407,169,"9,446","12,148","2,702", Total,"13,651,336","15,850,602","2,199,266","236,763,581","288,286,704","51,523,123"
Dec-20,Dec-21,YTD 2020,YTD 2021,,Hawaii Volcanoes NP,"93,464","145,609","52,145","589,775","1,265,215","675,440", Total,"13,651,336","15,850,602","2,199,266","236,763,581","288,286,704","51,523,123"
Dec-20,Dec-21,YTD 2020,YTD 2021,,Herbert Hoover NHS,"1,706","4,298","2,592","56,270","69,843","13,573", Total,"13,651,336","15,850,602","2,199,266","236,763,581","288,286,704","51,523,123"
Dec-20,Dec-21,YTD 2020,YTD 2021,,Home of Franklin D. Roosevelt NHS,"1,980","2,887",907,"40,091","57,198","17,107", Total,"13,651,336","15,850,602","2,199,266","236,763,581","288,286,704","51,523,123"
Dec-20,Dec-21,YTD 2020,YTD 2021,,Homestead NHP,"2,042","2,171",129,"40,897","54,113","13,216", Total,"13,651,336","15,850,602","2,199,266","236,763,581","288,286,704","51,523,123"
Dec-20,Dec-21,YTD 2020,YTD 2021,,Hopewell Culture NHP,"1,137","1,658",521,"35,710","47,847","12,137", Total,"13,651,336","15,850,602","2,199,266","236,763,581","288,286,704","51,523,123"
Dec-20,Dec-21,YTD 2020,YTD 2021,,Hopewell Furnace NHS,"1,732","2,933","1,201","34,288","49,248","14,960", Total,"13,651,336","15,850,602","2,199,266","236,763,581","288,286,704","51,523,123"
Dec-20,Dec-21,YTD 2020,YTD 2021,,Horseshoe Bend NMP,"1,260","2,927","1,667","28,600","58,285","29,685", Total,"13,651,336","15,850,602","2,199,266","236,763,581","288,286,704","51,523,123"
Dec-20,Dec-21,YTD 2020,YTD 2021,,Hot Springs NP,"76,613","89,668","13,055","1,348,215","2,162,884","814,669", Total,"13,651,336","15,850,602","2,199,266","236,763,581","288,286,704","51,523,123"
Dec-20,Dec-21,YTD 2020,YTD 2021,,Hovenweep NM,238,265,27,"19,856","26,712","6,856", Total,"13,651,336","15,850,602","2,199,266","236,763,581","288,286,704","51,523,123"
Dec-20,Dec-21,YTD 2020,YTD 2021,,Hubbell Trading Post NHS,0,"2,418","2,418","11,407","21,256","9,849", Total,"13,651,336","15,850,602","2,199,266","236,763,581","288,286,704","51,523,123"
Dec-20,Dec-21,YTD 2020,YTD 2021,,Independence NHP,"19,131","112,267","93,136","907,090","1,489,621","582,531", Total,"13,651,336","15,850,602","2,199,266","236,763,581","288,286,704","51,523,123"
Dec-20,Dec-21,YTD 2020,YTD 2021,,Indiana Dunes NP,"93,014","102,448","9,434","2,293,106","3,193,294","900,188", Total,"13,651,336","15,850,602","2,199,266","236,763,581","288,286,704","51,523,123"
Dec-20,Dec-21,YTD 2020,YTD 2021,,Isle Royale NP,0,0,0,"6,493","25,844","19,351", Total,"13,651,336","15,850,602","2,199,266","236,763,581","288,286,704","51,523,123"
Dec-20,Dec-21,YTD 2020,YTD 2021,,James A. Garfield NHS,629,396,-233,"14,797","20,982","6,185", Total,"13,651,336","15,850,602","2,199,266","236,763,581","288,286,704","51,523,123"
Dec-20,Dec-21,YTD 2020,YTD 2021,,Jean Lafitte NHP & PRES,"14,600","16,323","1,723","192,601","248,920","56,319", Total,"13,651,336","15,850,602","2,199,266","236,763,581","288,286,704","51,523,123"
Dec-20,Dec-21,YTD 2020,YTD 2021,,Jewel Cave NM,224,203,-21,"35,878","108,650","72,772", Total,"13,651,336","15,850,602","2,199,266","236,763,581","288,286,704","51,523,123"
Dec-20,Dec-21,YTD 2020,YTD 2021,,Jimmy Carter NHP,"1,033","2,463","1,430","14,267","27,615","13,348", Total,"13,651,336","15,850,602","2,199,266","236,763,581","288,286,704","51,523,123"
Dec-20,Dec-21,YTD 2020,YTD 2021,,"John D. Rockefeller, Jr. MEM PKWY","4,176","1,431","-2,745","1,373,817","1,603,962","230,145", Total,"13,651,336","15,850,602","2,199,266","236,763,581","288,286,704","51,523,123"
Dec-20,Dec-21,YTD 2020,YTD 2021,,John Day Fossil Beds NM,"2,663","2,135",-528,"88,571","148,946","60,375", Total,"13,651,336","15,850,602","2,199,266","236,763,581","288,286,704","51,523,123"
Dec-20,Dec-21,YTD 2020,YTD 2021,,John F. Kennedy NHS,0,0,0,451,0,-451, Total,"13,651,336","15,850,602","2,199,266","236,763,581","288,286,704","51,523,123"
Dec-20,Dec-21,YTD 2020,YTD 2021,,John Muir NHS,"2,112","2,098",-14,"33,603","36,904","3,301", Total,"13,651,336","15,850,602","2,199,266","236,763,581","288,286,704","51,523,123"
Dec-20,Dec-21,YTD 2020,YTD 2021,,Johnstown Flood NMEM,"4,560","5,894","1,334","87,805","148,654","60,849", Total,"13,651,336","15,850,602","2,199,266","236,763,581","288,286,704","51,523,123"
Dec-20,Dec-21,YTD 2020,YTD 2021,,Joshua Tree NP,"268,640","363,411","94,771","2,399,542","3,064,400","664,858", Total,"13,651,336","15,850,602","2,199,266","236,763,581","288,286,704","51,523,123"
Dec-20,Dec-21,YTD 2020,YTD 2021,,Kalaupapa NHP,16,10,-6,"15,847","21,896","6,049", Total,"13,651,336","15,850,602","2,199,266","236,763,581","288,286,704","51,523,123"
Dec-20,Dec-21,YTD 2020,YTD 2021,,Kaloko Honokohau NHP,"15,010","29,259","14,249","133,877","262,653","128,776", Total,"13,651,336","15,850,602","2,199,266","236,763,581","288,286,704","51,523,123"
Dec-20,Dec-21,YTD 2020,YTD 2021,,Katahdin Woods and Waters NM,,,0,,,0, Total,"13,651,336","15,850,602","2,199,266","236,763,581","288,286,704","51,523,123"
Dec-20,Dec-21,YTD 2020,YTD 2021,,Katmai NP & PRES,20,20,0,"51,511","51,451",-60, Total,"13,651,336","15,850,602","2,199,266","236,763,581","288,286,704","51,523,123"
Dec-20,Dec-21,YTD 2020,YTD 2021,,Kenai Fjords NP,47,19,-28,"115,882","411,762","295,880", Total,"13,651,336","15,850,602","2,199,266","236,763,581","288,286,704","51,523,123"
Dec-20,Dec-21,YTD 2020,YTD 2021,,Kennesaw Mountain NBP,"117,721","86,584","-31,137","2,356,401","1,800,823","-555,578", Total,"13,651,336","15,850,602","2,199,266","236,763,581","288,286,704","51,523,123"
Dec-20,Dec-21,YTD 2020,YTD 2021,,Keweenaw NHP,0,175,175,"2,130","12,457","10,327", Total,"13,651,336","15,850,602","2,199,266","236,763,581","288,286,704","51,523,123"
Dec-20,Dec-21,YTD 2020,YTD 2021,,Kings Canyon NP,"8,239","13,617","5,378","415,077","562,919","147,842", Total,"13,651,336","15,850,602","2,199,266","236,763,581","288,286,704","51,523,123"
Dec-20,Dec-21,YTD 2020,YTD 2021,,Kings Mountain NMP,"14,695","14,610",-85,"249,477","265,666","16,189", Total,"13,651,336","15,850,602","2,199,266","236,763,581","288,286,704","51,523,123"
Dec-20,Dec-21,YTD 2020,YTD 2021,,Klondike Gold Rush NHP Alaska,43,182,139,297,"33,228","32,931", Total,"13,651,336","15,850,602","2,199,266","236,763,581","288,286,704","51,523,123"
Dec-20,Dec-21,YTD 2020,YTD 2021,,Klondike Gold Rush NHP Seattle,0,"2,034","2,034","13,003","35,977","22,974", Total,"13,651,336","15,850,602","2,199,266","236,763,581","288,286,704","51,523,123"
Dec-20,Dec-21,YTD 2020,YTD 2021,,Knife River Indian Villages NHS,84,67,-17,"5,263","11,225","5,962", Total,"13,651,336","15,850,602","2,199,266","236,763,581","288,286,704","51,523,123"
Dec-20,Dec-21,YTD 2020,YTD 2021,,Kobuk Valley NP,"1,611","1,611",0,"11,185","11,540",355, Total,"13,651,336","15,850,602","2,199,266","236,763,581","288,286,704","51,523,123"
Dec-20,Dec-21,YTD 2020,YTD 2021,,Korean War Veterans Memorial,"127,724","181,315","53,591","1,363,714","2,986,751","1,623,037", Total,"13,651,336","15,850,602","2,199,266","236,763,581","288,286,704","51,523,123"
Dec-20,Dec-21,YTD 2020,YTD 2021,,Lake Chelan NRA,"1,058","1,008",-50,"30,598","40,511","9,913", Total,"13,651,336","15,850,602","2,199,266","236,763,581","288,286,704","51,523,123"
Dec-20,Dec-21,YTD 2020,YTD 2021,,Lake Clark NP & PRES,0,0,0,"4,948","4,289",-659, Total,"13,651,336","15,850,602","2,199,266","236,763,581","288,286,704","51,523,123"
Dec-20,Dec-21,YTD 2020,YTD 2021,,Lake Mead NRA,"502,963","454,126","-48,837","8,016,510","7,781,278","-235,232", Total,"13,651,336","15,850,602","2,199,266","236,763,581","288,286,704","51,523,123"
Dec-20,Dec-21,YTD 2020,YTD 2021,,Lake Meredith NRA,"86,540","34,576","-51,964","1,612,784","1,307,769","-305,015", Total,"13,651,336","15,850,602","2,199,266","236,763,581","288,286,704","51,523,123"
Dec-20,Dec-21,YTD 2020,YTD 2021,,Lake Roosevelt NRA,"53,923","28,016","-25,907","1,519,403","1,336,629","-182,774", Total,"13,651,336","15,850,602","2,199,266","236,763,581","288,286,704","51,523,123"
Dec-20,Dec-21,YTD 2020,YTD 2021,,Lassen Volcanic NP,"13,371","13,371",0,"542,274","366,628","-175,646", Total,"13,651,336","15,850,602","2,199,266","236,763,581","288,286,704","51,523,123"
Dec-20,Dec-21,YTD 2020,YTD 2021,,Lava Beds NM,"5,997","3,435","-2,562","111,258","102,459","-8,799", Total,"13,651,336","15,850,602","2,199,266","236,763,581","288,286,704","51,523,123"
Dec-20,Dec-21,YTD 2020,YTD 2021,,LBJ Memorial Grove on the Potomac,"16,875","16,875",0,"211,228","211,228",0, Total,"13,651,336","15,850,602","2,199,266","236,763,581","288,286,704","51,523,123"
Dec-20,Dec-21,YTD 2020,YTD 2021,,Lewis & Clark NHP,"8,567","9,309",742,"161,230","274,230","113,000", Total,"13,651,336","15,850,602","2,199,266","236,763,581","288,286,704","51,523,123"
Dec-20,Dec-21,YTD 2020,YTD 2021,,Lincoln Boyhood NMEM,"1,460","1,716",256,"110,692","114,353","3,661", Total,"13,651,336","15,850,602","2,199,266","236,763,581","288,286,704","51,523,123"
Dec-20,Dec-21,YTD 2020,YTD 2021,,Lincoln Home NHS,"1,850","3,890","2,040","27,744","89,964","62,220", Total,"13,651,336","15,850,602","2,199,266","236,763,581","288,286,704","51,523,123"
Dec-20,Dec-21,YTD 2020,YTD 2021,,Lincoln Memorial,"329,877","468,288","138,411","2,980,075","5,792,331","2,812,256", Total,"13,651,336","15,850,602","2,199,266","236,763,581","288,286,704","51,523,123"
Dec-20,Dec-21,YTD 2020,YTD 2021,,Little Bighorn Battlefield NM,"1,750","1,750",0,"97,461","15,004","-82,457", Total,"13,651,336","15,850,602","2,199,266","236,763,581","288,286,704","51,523,123"
Dec-20,Dec-21,YTD 2020,YTD 2021,,Little River Canyon NPRES,"35,457","45,140","9,683","802,375","862,609","60,234", Total,"13,651,336","15,850,602","2,199,266","236,763,581","288,286,704","51,523,123"
Dec-20,Dec-21,YTD 2020,YTD 2021,,Little Rock Central High School NHS,"4,804","6,661","1,857","68,497","84,839","16,342", Total,"13,651,336","15,850,602","2,199,266","236,763,581","288,286,704","51,523,123"
Dec-20,Dec-21,YTD 2020,YTD 2021,,Longfellow House Washington's HQ NHS,930,930,0,"30,014","34,134","4,120", Total,"13,651,336","15,850,602","2,199,266","236,763,581","288,286,704","51,523,123"
Dec-20,Dec-21,YTD 2020,YTD 2021,,Lowell NHP,72,72,0,"53,954","48,019","-5,935", Total,"13,651,336","15,850,602","2,199,266","236,763,581","288,286,704","51,523,123"
Dec-20,Dec-21,YTD 2020,YTD 2021,,Lyndon B. Johnson NHP,"5,939","5,939",0,"75,322","101,894","26,572", Total,"13,651,336","15,850,602","2,199,266","236,763,581","288,286,704","51,523,123"
Dec-20,Dec-21,YTD 2020,YTD 2021,,Maggie L. Walker NHS,43,43,0,"1,849","2,335",486, Total,"13,651,336","15,850,602","2,199,266","236,763,581","288,286,704","51,523,123"
Dec-20,Dec-21,YTD 2020,YTD 2021,,Mammoth Cave NP,"15,188","20,185","4,997","290,392","515,775","225,383", Total,"13,651,336","15,850,602","2,199,266","236,763,581","288,286,704","51,523,123"
Dec-20,Dec-21,YTD 2020,YTD 2021,,Manassas NBP,"38,291","30,841","-7,450","558,036","516,604","-41,432", Total,"13,651,336","15,850,602","2,199,266","236,763,581","288,286,704","51,523,123"
Dec-20,Dec-21,YTD 2020,YTD 2021,,Manhattan Project NHP,507,"1,794","1,287","11,392","25,563","14,171", Total,"13,651,336","15,850,602","2,199,266","236,763,581","288,286,704","51,523,123"
Dec-20,Dec-21,YTD 2020,YTD 2021,,Manzanar NHS,"5,305","5,483",178,"65,289","117,117","51,828", Total,"13,651,336","15,850,602","2,199,266","236,763,581","288,286,704","51,523,123"
Dec-20,Dec-21,YTD 2020,YTD 2021,,Marsh-Billings-Rockefeller NHP,"2,000","1,500",-500,"23,538","54,280","30,742", Total,"13,651,336","15,850,602","2,199,266","236,763,581","288,286,704","51,523,123"
Dec-20,Dec-21,YTD 2020,YTD 2021,,"Martin Luther King, Jr. Memorial","81,003","147,797","66,794","1,083,671","2,032,470","948,799", Total,"13,651,336","15,850,602","2,199,266","236,763,581","288,286,704","51,523,123"
Dec-20,Dec-21,YTD 2020,YTD 2021,,"Martin Luther King, Jr. NHP","1,200","4,650","3,450","198,158","28,034","-170,124", Total,"13,651,336","15,850,602","2,199,266","236,763,581","288,286,704","51,523,123"
Dec-20,Dec-21,YTD 2020,YTD 2021,,Martin Van Buren NHS,120,350,230,"11,480","9,377","-2,103", Total,"13,651,336","15,850,602","2,199,266","236,763,581","288,286,704","51,523,123"
Dec-20,Dec-21,YTD 2020,YTD 2021,,Mary McLeod Bethune Council House NHS,0,0,0,578,0,-578, Total,"13,651,336","15,850,602","2,199,266","236,763,581","288,286,704","51,523,123"
Dec-20,Dec-21,YTD 2020,YTD 2021,,Medgar and Myrlie Evers Home NM,,,0,,,0, Total,"13,651,336","15,850,602","2,199,266","236,763,581","288,286,704","51,523,123"
Dec-20,Dec-21,YTD 2020,YTD 2021,,Mesa Verde NP,"8,950","8,472",-478,"287,477","548,477","261,000", Total,"13,651,336","15,850,602","2,199,266","236,763,581","288,286,704","51,523,123"
Dec-20,Dec-21,YTD 2020,YTD 2021,,Minidoka NHS,115,86,-29,"6,747","15,040","8,293", Total,"13,651,336","15,850,602","2,199,266","236,763,581","288,286,704","51,523,123"
Dec-20,Dec-21,YTD 2020,YTD 2021,,Minute Man NHP,"59,447","55,977","-3,470","1,083,973","983,201","-100,772", Total,"13,651,336","15,850,602","2,199,266","236,763,581","288,286,704","51,523,123"
Dec-20,Dec-21,YTD 2020,YTD 2021,,Minuteman Missile NHS,"13,744","1,122","-12,622","98,908","140,280","41,372", Total,"13,651,336","15,850,602","2,199,266","236,763,581","288,286,704","51,523,123"
Dec-20,Dec-21,YTD 2020,YTD 2021,,Mississippi NRRA,"12,014","17,620","5,606","204,707","228,460","23,753", Total,"13,651,336","15,850,602","2,199,266","236,763,581","288,286,704","51,523,123"
Dec-20,Dec-21,YTD 2020,YTD 2021,,Missouri NRR,"6,983","7,908",925,"111,602","140,815","29,213", Total,"13,651,336","15,850,602","2,199,266","236,763,581","288,286,704","51,523,123"
Dec-20,Dec-21,YTD 2020,YTD 2021,,Mojave NPRES,"52,848","88,855","36,007","608,633","866,635","258,002", Total,"13,651,336","15,850,602","2,199,266","236,763,581","288,286,704","51,523,123"
Dec-20,Dec-21,YTD 2020,YTD 2021,,Monocacy NB,"10,456","10,456",0,"155,116","140,021","-15,095", Total,"13,651,336","15,850,602","2,199,266","236,763,581","288,286,704","51,523,123"
Dec-20,Dec-21,YTD 2020,YTD 2021,,Montezuma Castle NM,"22,511","26,894","4,383","242,028","418,147","176,119", Total,"13,651,336","15,850,602","2,199,266","236,763,581","288,286,704","51,523,123"
Dec-20,Dec-21,YTD 2020,YTD 2021,,Moores Creek NB,"2,292","8,180","5,888","58,786","65,020","6,234", Total,"13,651,336","15,850,602","2,199,266","236,763,581","288,286,704","51,523,123"
Dec-20,Dec-21,YTD 2020,YTD 2021,,Morristown NHP,"21,799","19,893","-1,906","262,361","332,036","69,675", Total,"13,651,336","15,850,602","2,199,266","236,763,581","288,286,704","51,523,123"
Dec-20,Dec-21,YTD 2020,YTD 2021,,Mount Rainier NP,"42,198","15,453","-26,745","1,160,754","1,670,064","509,310", Total,"13,651,336","15,850,602","2,199,266","236,763,581","288,286,704","51,523,123"
Dec-20,Dec-21,YTD 2020,YTD 2021,,Mount Rushmore NMEM,"31,063","37,135","6,072","2,074,986","2,525,868","450,882", Total,"13,651,336","15,850,602","2,199,266","236,763,581","288,286,704","51,523,123"
Dec-20,Dec-21,YTD 2020,YTD 2021,,Muir Woods NM,"28,606","54,524","25,918","324,232","664,360","340,128", Total,"13,651,336","15,850,602","2,199,266","236,763,581","288,286,704","51,523,123"
Dec-20,Dec-21,YTD 2020,YTD 2021,,Natchez NHP,"4,978","1,245","-3,733","57,646","44,244","-13,402", Total,"13,651,336","15,850,602","2,199,266","236,763,581","288,286,704","51,523,123"
Dec-20,Dec-21,YTD 2020,YTD 2021,,Natchez Trace PKWY,"460,121","517,890","57,769","6,124,808","6,401,346","276,538", Total,"13,651,336","15,850,602","2,199,266","236,763,581","288,286,704","51,523,123"
Dec-20,Dec-21,YTD 2020,YTD 2021,,National Capital Parks Central,"36,492","24,319","-12,173","665,650","382,905","-282,745", Total,"13,651,336","15,850,602","2,199,266","236,763,581","288,286,704","51,523,123"
Dec-20,Dec-21,YTD 2020,YTD 2021,,National Capital Parks East,"32,372","56,461","24,089","893,421","1,215,836","322,415", Total,"13,651,336","15,850,602","2,199,266","236,763,581","288,286,704","51,523,123"
Dec-20,Dec-21,YTD 2020,YTD 2021,,National Park of American Samoa,148,569,421,"4,819","8,496","3,677", Total,"13,651,336","15,850,602","2,199,266","236,763,581","288,286,704","51,523,123"
Dec-20,Dec-21,YTD 2020,YTD 2021,,Natural Bridges NM,"1,673","1,255",-418,"52,542","73,484","20,942", Total,"13,651,336","15,850,602","2,199,266","236,763,581","288,286,704","51,523,123"
Dec-20,Dec-21,YTD 2020,YTD 2021,,Navajo NM,0,"1,184","1,184","3,985","14,834","10,849", Total,"13,651,336","15,850,602","2,199,266","236,763,581","288,286,704","51,523,123"
Dec-20,Dec-21,YTD 2020,YTD 2021,,New Bedford Whaling NHP,40,350,310,"18,243","10,487","-7,756", Total,"13,651,336","15,850,602","2,199,266","236,763,581","288,286,704","51,523,123"
Dec-20,Dec-21,YTD 2020,YTD 2021,,New Orleans Jazz NHP,0,"3,250","3,250","9,640","25,750","16,110", Total,"13,651,336","15,850,602","2,199,266","236,763,581","288,286,704","51,523,123"
Dec-20,Dec-21,YTD 2020,YTD 2021,,New River Gorge NP & PRES,"32,551","46,593","14,042","1,054,374","1,682,720","628,346", Total,"13,651,336","15,850,602","2,199,266","236,763,581","288,286,704","51,523,123"
Dec-20,Dec-21,YTD 2020,YTD 2021,,Nez Perce NHP,"18,221","12,716","-5,505","301,473","309,167","7,694", Total,"13,651,336","15,850,602","2,199,266","236,763,581","288,286,704","51,523,123"
Dec-20,Dec-21,YTD 2020,YTD 2021,,Nicodemus NHS,20,20,0,262,"4,576","4,314", Total,"13,651,336","15,850,602","2,199,266","236,763,581","288,286,704","51,523,123"
Dec-20,Dec-21,YTD 2020,YTD 2021,,Ninety Six NHS,"5,742","3,605","-2,137","95,418","92,978","-2,440", Total,"13,651,336","15,850,602","2,199,266","236,763,581","288,286,704","51,523,123"
Dec-20,Dec-21,YTD 2020,YTD 2021,,Niobrara NSR,387,322,-65,"102,766","90,670","-12,096", Total,"13,651,336","15,850,602","2,199,266","236,763,581","288,286,704","51,523,123"
Dec-20,Dec-21,YTD 2020,YTD 2021,,Noatak NPRES,"2,011","2,011",0,"12,533","12,891",358, Total,"13,651,336","15,850,602","2,199,266","236,763,581","288,286,704","51,523,123"
Dec-20,Dec-21,YTD 2020,YTD 2021,,North Cascades NP,2,0,-2,"30,885","17,856","-13,029", Total,"13,651,336","15,850,602","2,199,266","236,763,581","288,286,704","51,523,123"
Dec-20,Dec-21,YTD 2020,YTD 2021,,Obed W&SR,"20,298","22,962","2,664","237,837","247,828","9,991", Total,"13,651,336","15,850,602","2,199,266","236,763,581","288,286,704","51,523,123"
Dec-20,Dec-21,YTD 2020,YTD 2021,,Ocmulgee Mounds NHP,"7,734","9,438","1,704","61,303","128,820","67,517", Total,"13,651,336","15,850,602","2,199,266","236,763,581","288,286,704","51,523,123"
Dec-20,Dec-21,YTD 2020,YTD 2021,,Olympic NP,"80,143","81,487","1,344","2,499,177","2,718,925","219,748", Total,"13,651,336","15,850,602","2,199,266","236,763,581","288,286,704","51,523,123"
Dec-20,Dec-21,YTD 2020,YTD 2021,,Oregon Caves NM & PRES,432,972,540,"22,789","34,202","11,413", Total,"13,651,336","15,850,602","2,199,266","236,763,581","288,286,704","51,523,123"
Dec-20,Dec-21,YTD 2020,YTD 2021,,Organ Pipe Cactus NM,"16,833","12,344","-4,489","191,512","190,848",-664, Total,"13,651,336","15,850,602","2,199,266","236,763,581","288,286,704","51,523,123"
Dec-20,Dec-21,YTD 2020,YTD 2021,,Ozark NSR,"28,676","28,818",142,"1,316,795","1,328,773","11,978", Total,"13,651,336","15,850,602","2,199,266","236,763,581","288,286,704","51,523,123"
Dec-20,Dec-21,YTD 2020,YTD 2021,,Padre Island NS,"35,370","32,741","-2,629","617,704","615,826","-1,878", Total,"13,651,336","15,850,602","2,199,266","236,763,581","288,286,704","51,523,123"
Dec-20,Dec-21,YTD 2020,YTD 2021,,Palo Alto Battlefield NHP,"8,430","10,826","2,396","97,860","128,852","30,992", Total,"13,651,336","15,850,602","2,199,266","236,763,581","288,286,704","51,523,123"
Dec-20,Dec-21,YTD 2020,YTD 2021,,Paterson Great Falls NHP,"11,966","10,512","-1,454","339,768","312,595","-27,173", Total,"13,651,336","15,850,602","2,199,266","236,763,581","288,286,704","51,523,123"
Dec-20,Dec-21,YTD 2020,YTD 2021,,Pea Ridge NMP,"2,247","2,157",-90,"80,455","82,854","2,399", Total,"13,651,336","15,850,602","2,199,266","236,763,581","288,286,704","51,523,123"
Dec-20,Dec-21,YTD 2020,YTD 2021,,Pearl Harbor NMEM,"36,252","100,988","64,736","415,542","1,185,369","769,827", Total,"13,651,336","15,850,602","2,199,266","236,763,581","288,286,704","51,523,123"
Dec-20,Dec-21,YTD 2020,YTD 2021,,Pecos NHP,"2,263","2,263",0,"36,695","57,909","21,214", Total,"13,651,336","15,850,602","2,199,266","236,763,581","288,286,704","51,523,123"
Dec-20,Dec-21,YTD 2020,YTD 2021,,Pennsylvania Avenue NHS,0,0,0,"15,898",0,"-15,898", Total,"13,651,336","15,850,602","2,199,266","236,763,581","288,286,704","51,523,123"
Dec-20,Dec-21,YTD 2020,YTD 2021,,Perry's Victory & Intl. Peace MEM,"1,230","1,353",123,"40,469","68,010","27,541", Total,"13,651,336","15,850,602","2,199,266","236,763,581","288,286,704","51,523,123"
Dec-20,Dec-21,YTD 2020,YTD 2021,,Petersburg NB,"15,379","14,754",-625,"152,878","201,606","48,728", Total,"13,651,336","15,850,602","2,199,266","236,763,581","288,286,704","51,523,123"
Dec-20,Dec-21,YTD 2020,YTD 2021,,Petrified Forest NP,"30,991","27,615","-3,376","384,483","570,826","186,343", Total,"13,651,336","15,850,602","2,199,266","236,763,581","288,286,704","51,523,123"
Dec-20,Dec-21,YTD 2020,YTD 2021,,Petroglyph NM,"23,384","30,164","6,780","356,492","366,805","10,313", Total,"13,651,336","15,850,602","2,199,266","236,763,581","288,286,704","51,523,123"
Dec-20,Dec-21,YTD 2020,YTD 2021,,Pictured Rocks NL,"10,514",401,"-10,113","1,212,251","1,309,034","96,783", Total,"13,651,336","15,850,602","2,199,266","236,763,581","288,286,704","51,523,123"
Dec-20,Dec-21,YTD 2020,YTD 2021,,Pinnacles NP,"20,839","19,033","-1,806","165,740","348,857","183,117", Total,"13,651,336","15,850,602","2,199,266","236,763,581","288,286,704","51,523,123"
Dec-20,Dec-21,YTD 2020,YTD 2021,,Pipe Spring NM,707,626,-81,"10,623","24,026","13,403", Total,"13,651,336","15,850,602","2,199,266","236,763,581","288,286,704","51,523,123"
Dec-20,Dec-21,YTD 2020,YTD 2021,,Pipestone NM,654,655,1,"38,229","82,350","44,121", Total,"13,651,336","15,850,602","2,199,266","236,763,581","288,286,704","51,523,123"
Dec-20,Dec-21,YTD 2020,YTD 2021,,Piscataway Park,"23,154","19,223","-3,931","166,484","332,209","165,725", Total,"13,651,336","15,850,602","2,199,266","236,763,581","288,286,704","51,523,123"
Dec-20,Dec-21,YTD 2020,YTD 2021,,Point Reyes NS,"233,182","171,847","-61,335","2,252,424","2,738,098","485,674", Total,"13,651,336","15,850,602","2,199,266","236,763,581","288,286,704","51,523,123"
Dec-20,Dec-21,YTD 2020,YTD 2021,,Port Chicago Naval Magazine NMEM,0,0,0,70,545,475, Total,"13,651,336","15,850,602","2,199,266","236,763,581","288,286,704","51,523,123"
Dec-20,Dec-21,YTD 2020,YTD 2021,,President W.J. Clinton Birthplace Home NHS,234,496,262,"4,055","7,279","3,224", Total,"13,651,336","15,850,602","2,199,266","236,763,581","288,286,704","51,523,123"
Dec-20,Dec-21,YTD 2020,YTD 2021,,President's Park,"212,936","219,337","6,401","369,533","395,915","26,382", Total,"13,651,336","15,850,602","2,199,266","236,763,581","288,286,704","51,523,123"
Dec-20,Dec-21,YTD 2020,YTD 2021,,Prince William Forest Park,"23,729","12,132","-11,597","333,903","316,413","-17,490", Total,"13,651,336","15,850,602","2,199,266","236,763,581","288,286,704","51,523,123"
Dec-20,Dec-21,YTD 2020,YTD 2021,,Pu'uhonua o Honaunau NHP,"10,670","29,125","18,455","130,845","250,919","120,074", Total,"13,651,336","15,850,602","2,199,266","236,763,581","288,286,704","51,523,123"
Dec-20,Dec-21,YTD 2020,YTD 2021,,Pu'ukohola Heiau NHS,956,"2,800","1,844","23,970","24,326",356, Total,"13,651,336","15,850,602","2,199,266","236,763,581","288,286,704","51,523,123"
Dec-20,Dec-21,YTD 2020,YTD 2021,,Rainbow Bridge NM,45,45,0,"3,573","3,290",-283, Total,"13,651,336","15,850,602","2,199,266","236,763,581","288,286,704","51,523,123"
Dec-20,Dec-21,YTD 2020,YTD 2021,,Redwood NP,"14,120","14,120",0,"265,177","414,900","149,723", Total,"13,651,336","15,850,602","2,199,266","236,763,581","288,286,704","51,523,123"
Dec-20,Dec-21,YTD 2020,YTD 2021,,Richmond NBP,"13,277","13,857",580,"179,598","152,308","-27,290", Total,"13,651,336","15,850,602","2,199,266","236,763,581","288,286,704","51,523,123"
Dec-20,Dec-21,YTD 2020,YTD 2021,,Rio Grande W&SR,18,7,-11,126,275,149, Total,"13,651,336","15,850,602","2,199,266","236,763,581","288,286,704","51,523,123"
Dec-20,Dec-21,YTD 2020,YTD 2021,,River Raisin NBP,"15,072","11,544","-3,528","309,977","263,472","-46,505", Total,"13,651,336","15,850,602","2,199,266","236,763,581","288,286,704","51,523,123"
Dec-20,Dec-21,YTD 2020,YTD 2021,,Rock Creek Park,"98,296","101,542","3,246","1,768,152","1,302,373","-465,779", Total,"13,651,336","15,850,602","2,199,266","236,763,581","288,286,704","51,523,123"
Dec-20,Dec-21,YTD 2020,YTD 2021,,Rocky Mountain NP,"156,165","124,388","-31,777","3,305,199","4,434,848","1,129,649", Total,"13,651,336","15,850,602","2,199,266","236,763,581","288,286,704","51,523,123"
Dec-20,Dec-21,YTD 2020,YTD 2021,,Roger Williams NMEM,0,0,0,"13,971","19,944","5,973", Total,"13,651,336","15,850,602","2,199,266","236,763,581","288,286,704","51,523,123"
Dec-20,Dec-21,YTD 2020,YTD 2021,,Rosie The Riveter WWII Home Front NHP,25,25,0,"9,528","17,126","7,598", Total,"13,651,336","15,850,602","2,199,266","236,763,581","288,286,704","51,523,123"
Dec-20,Dec-21,YTD 2020,YTD 2021,,Ross Lake NRA,"9,040","8,818",-222,"920,526","855,926","-64,600", Total,"13,651,336","15,850,602","2,199,266","236,763,581","288,286,704","51,523,123"
Dec-20,Dec-21,YTD 2020,YTD 2021,,Russell Cave NM,933,336,-597,"8,462","21,805","13,343", Total,"13,651,336","15,850,602","2,199,266","236,763,581","288,286,704","51,523,123"
Dec-20,Dec-21,YTD 2020,YTD 2021,,Sagamore Hill NHS,"23,750","15,343","-8,407","105,289","207,032","101,743", Total,"13,651,336","15,850,602","2,199,266","236,763,581","288,286,704","51,523,123"
Dec-20,Dec-21,YTD 2020,YTD 2021,,Saguaro NP,"163,339","89,470","-73,869","762,226","1,078,925","316,699", Total,"13,651,336","15,850,602","2,199,266","236,763,581","288,286,704","51,523,123"
Dec-20,Dec-21,YTD 2020,YTD 2021,,Saint Croix Island IHS,0,0,0,"6,914","10,299","3,385", Total,"13,651,336","15,850,602","2,199,266","236,763,581","288,286,704","51,523,123"
Dec-20,Dec-21,YTD 2020,YTD 2021,,Saint Croix NSR,435,0,-435,"798,622","577,426","-221,196", Total,"13,651,336","15,850,602","2,199,266","236,763,581","288,286,704","51,523,123"
Dec-20,Dec-21,YTD 2020,YTD 2021,,Saint Paul's Church NHS,210,652,442,"5,968","5,022",-946, Total,"13,651,336","15,850,602","2,199,266","236,763,581","288,286,704","51,523,123"
Dec-20,Dec-21,YTD 2020,YTD 2021,,Saint-Gaudens NHP,250,500,250,"13,286","26,058","12,772", Total,"13,651,336","15,850,602","2,199,266","236,763,581","288,286,704","51,523,123"
Dec-20,Dec-21,YTD 2020,YTD 2021,,Salem Maritime NHS,"4,183","3,523",-660,"125,554","181,011","55,457", Total,"13,651,336","15,850,602","2,199,266","236,763,581","288,286,704","51,523,123"
Dec-20,Dec-21,YTD 2020,YTD 2021,,Salinas Pueblo Missions NM,"2,266","3,588","1,322","26,982","38,080","11,098", Total,"13,651,336","15,850,602","2,199,266","236,763,581","288,286,704","51,523,123"
Dec-20,Dec-21,YTD 2020,YTD 2021,,Salt River Bay NHP & Ecological Pres,174,835,661,"2,704","10,707","8,003", Total,"13,651,336","15,850,602","2,199,266","236,763,581","288,286,704","51,523,123"
Dec-20,Dec-21,YTD 2020,YTD 2021,,San Antonio Missions NHP,"95,958","95,958",0,"1,141,353","1,329,090","187,737", Total,"13,651,336","15,850,602","2,199,266","236,763,581","288,286,704","51,523,123"
Dec-20,Dec-21,YTD 2020,YTD 2021,,San Francisco Maritime NHP,"150,910","206,736","55,826","1,936,101","2,827,885","891,784", Total,"13,651,336","15,850,602","2,199,266","236,763,581","288,286,704","51,523,123"
Dec-20,Dec-21,YTD 2020,YTD 2021,,San Juan Island NHP,"36,161","16,510","-19,651","426,335","638,068","211,733", Total,"13,651,336","15,850,602","2,199,266","236,763,581","288,286,704","51,523,123"
Dec-20,Dec-21,YTD 2020,YTD 2021,,San Juan NHS,"19,510","97,336","77,826","357,100","798,188","441,088", Total,"13,651,336","15,850,602","2,199,266","236,763,581","288,286,704","51,523,123"
Dec-20,Dec-21,YTD 2020,YTD 2021,,Sand Creek Massacre NHS,122,198,76,"4,215","6,201","1,986", Total,"13,651,336","15,850,602","2,199,266","236,763,581","288,286,704","51,523,123"
Dec-20,Dec-21,YTD 2020,YTD 2021,,Santa Monica Mountains NRA,"71,772","56,691","-15,081","733,576","830,451","96,875", Total,"13,651,336","15,850,602","2,199,266","236,763,581","288,286,704","51,523,123"
Dec-20,Dec-21,YTD 2020,YTD 2021,,Saratoga NHP,"2,200","1,353",-847,"73,825","70,683","-3,142", Total,"13,651,336","15,850,602","2,199,266","236,763,581","288,286,704","51,523,123"
Dec-20,Dec-21,YTD 2020,YTD 2021,,Saugus Iron Works NHS,"2,170",0,"-2,170","16,928","14,287","-2,641", Total,"13,651,336","15,850,602","2,199,266","236,763,581","288,286,704","51,523,123"
Dec-20,Dec-21,YTD 2020,YTD 2021,,Scotts Bluff NM,"5,847","5,709",-138,"181,900","194,027","12,127", Total,"13,651,336","15,850,602","2,199,266","236,763,581","288,286,704","51,523,123"
Dec-20,Dec-21,YTD 2020,YTD 2021,,Sequoia NP,"29,050","24,578","-4,472","796,086","1,059,548","263,462", Total,"13,651,336","15,850,602","2,199,266","236,763,581","288,286,704","51,523,123"
Dec-20,Dec-21,YTD 2020,YTD 2021,,Shenandoah NP,"44,054","45,939","1,885","1,666,265","1,592,316","-73,949", Total,"13,651,336","15,850,602","2,199,266","236,763,581","288,286,704","51,523,123"
Dec-20,Dec-21,YTD 2020,YTD 2021,,Shiloh NMP,"45,334","19,363","-25,971","386,883","371,863","-15,020", Total,"13,651,336","15,850,602","2,199,266","236,763,581","288,286,704","51,523,123"
Dec-20,Dec-21,YTD 2020,YTD 2021,,Sitka NHP,"7,779","1,227","-6,552","115,494","93,593","-21,901", Total,"13,651,336","15,850,602","2,199,266","236,763,581","288,286,704","51,523,123"
Dec-20,Dec-21,YTD 2020,YTD 2021,,Sleeping Bear Dunes NL,"20,756","14,401","-6,355","1,718,696","1,722,955","4,259", Total,"13,651,336","15,850,602","2,199,266","236,763,581","288,286,704","51,523,123"
Dec-20,Dec-21,YTD 2020,YTD 2021,,Springfield Armory NHS,0,866,866,"1,032","13,557","12,525", Total,"13,651,336","15,850,602","2,199,266","236,763,581","288,286,704","51,523,123"
Dec-20,Dec-21,YTD 2020,YTD 2021,,Statue of Liberty NM,"31,290","217,071","185,781","576,396","1,556,482","980,086", Total,"13,651,336","15,850,602","2,199,266","236,763,581","288,286,704","51,523,123"
Dec-20,Dec-21,YTD 2020,YTD 2021,,Steamtown NHS,"1,716","3,084","1,368","27,322","54,433","27,111", Total,"13,651,336","15,850,602","2,199,266","236,763,581","288,286,704","51,523,123"
Dec-20,Dec-21,YTD 2020,YTD 2021,,Stones River NB,"26,195","31,406","5,211","301,270","365,833","64,563", Total,"13,651,336","15,850,602","2,199,266","236,763,581","288,286,704","51,523,123"
Dec-20,Dec-21,YTD 2020,YTD 2021,,Stonewall NM,0,0,0,0,"70,000","70,000", Total,"13,651,336","15,850,602","2,199,266","236,763,581","288,286,704","51,523,123"
Dec-20,Dec-21,YTD 2020,YTD 2021,,Sunset Crater Volcano NM,"6,145","4,462","-1,683","83,669","125,653","41,984", Total,"13,651,336","15,850,602","2,199,266","236,763,581","288,286,704","51,523,123"
Dec-20,Dec-21,YTD 2020,YTD 2021,,Tallgrass Prairie NPRES,"1,363","1,163",-200,"29,009","35,001","5,992", Total,"13,651,336","15,850,602","2,199,266","236,763,581","288,286,704","51,523,123"
Dec-20,Dec-21,YTD 2020,YTD 2021,,Theodore Roosevelt Birthplace NHS,0,100,100,"4,984","1,720","-3,264", Total,"13,651,336","15,850,602","2,199,266","236,763,581","288,286,704","51,523,123"
Dec-20,Dec-21,YTD 2020,YTD 2021,,Theodore Roosevelt Inaugural NHS,228,228,0,"5,098","11,908","6,810", Total,"13,651,336","15,850,602","2,199,266","236,763,581","288,286,704","51,523,123"
Dec-20,Dec-21,YTD 2020,YTD 2021,,Theodore Roosevelt Island,"14,548","14,548",0,"153,598","160,042","6,444", Total,"13,651,336","15,850,602","2,199,266","236,763,581","288,286,704","51,523,123"
Dec-20,Dec-21,YTD 2020,YTD 2021,,Theodore Roosevelt NP,"6,874","2,187","-4,687","551,303","796,085","244,782", Total,"13,651,336","15,850,602","2,199,266","236,763,581","288,286,704","51,523,123"
Dec-20,Dec-21,YTD 2020,YTD 2021,,Thomas Edison NHP,395,"1,232",837,"7,605","14,807","7,202", Total,"13,651,336","15,850,602","2,199,266","236,763,581","288,286,704","51,523,123"
Dec-20,Dec-21,YTD 2020,YTD 2021,,Thomas Jefferson MEM,"75,707","138,134","62,427","852,626","1,833,924","981,298", Total,"13,651,336","15,850,602","2,199,266","236,763,581","288,286,704","51,523,123"
Dec-20,Dec-21,YTD 2020,YTD 2021,,Thomas Stone NHS,350,471,121,"2,351","3,967","1,616", Total,"13,651,336","15,850,602","2,199,266","236,763,581","288,286,704","51,523,123"
Dec-20,Dec-21,YTD 2020,YTD 2021,,Timpanogos Cave NM,766,735,-31,"92,481","122,551","30,070", Total,"13,651,336","15,850,602","2,199,266","236,763,581","288,286,704","51,523,123"
Dec-20,Dec-21,YTD 2020,YTD 2021,,Timucuan EHP,"70,194","79,759","9,565","1,017,373","935,420","-81,953", Total,"13,651,336","15,850,602","2,199,266","236,763,581","288,286,704","51,523,123"
Dec-20,Dec-21,YTD 2020,YTD 2021,,Tonto NM,"2,677","2,290",-387,"24,756","32,334","7,578", Total,"13,651,336","15,850,602","2,199,266","236,763,581","288,286,704","51,523,123"
Dec-20,Dec-21,YTD 2020,YTD 2021,,Tule Springs Fossil Beds NM,,,0,,,0, Total,"13,651,336","15,850,602","2,199,266","236,763,581","288,286,704","51,523,123"
Dec-20,Dec-21,YTD 2020,YTD 2021,,Tumacacori NHP,"2,190","4,542","2,352","23,726","33,357","9,631", Total,"13,651,336","15,850,602","2,199,266","236,763,581","288,286,704","51,523,123"
Dec-20,Dec-21,YTD 2020,YTD 2021,,Tuskegee Airmen NHS,110,110,0,"6,843","7,707",864, Total,"13,651,336","15,850,602","2,199,266","236,763,581","288,286,704","51,523,123"
Dec-20,Dec-21,YTD 2020,YTD 2021,,Tuskegee Institute NHS,90,90,0,"4,737","5,470",733, Total,"13,651,336","15,850,602","2,199,266","236,763,581","288,286,704","51,523,123"
Dec-20,Dec-21,YTD 2020,YTD 2021,,Tuzigoot NM,"8,007","3,146","-4,861","78,358","119,627","41,269", Total,"13,651,336","15,850,602","2,199,266","236,763,581","288,286,704","51,523,123"
Dec-20,Dec-21,YTD 2020,YTD 2021,,Ulysses S. Grant NHS,922,"1,444",522,"15,236","27,823","12,587", Total,"13,651,336","15,850,602","2,199,266","236,763,581","288,286,704","51,523,123"
Dec-20,Dec-21,YTD 2020,YTD 2021,,Upper Delaware S&RR,"3,424","3,424",0,"250,198","268,013","17,815", Total,"13,651,336","15,850,602","2,199,266","236,763,581","288,286,704","51,523,123"
Dec-20,Dec-21,YTD 2020,YTD 2021,,Valles Caldera NPRES,"1,949","3,301","1,352","30,434","76,578","46,144", Total,"13,651,336","15,850,602","2,199,266","236,763,581","288,286,704","51,523,123"
Dec-20,Dec-21,YTD 2020,YTD 2021,,Valley Forge NHP,"161,000","68,192","-92,808","2,012,832","1,502,209","-510,623", Total,"13,651,336","15,850,602","2,199,266","236,763,581","288,286,704","51,523,123"
Dec-20,Dec-21,YTD 2020,YTD 2021,,Vanderbilt Mansion NHS,"19,787","16,806","-2,981","217,231","333,029","115,798", Total,"13,651,336","15,850,602","2,199,266","236,763,581","288,286,704","51,523,123"
Dec-20,Dec-21,YTD 2020,YTD 2021,,Vicksburg NMP,"13,680","18,958","5,278","176,236","391,950","215,714", Total,"13,651,336","15,850,602","2,199,266","236,763,581","288,286,704","51,523,123"
Dec-20,Dec-21,YTD 2020,YTD 2021,,Vietnam Veterans MEM,"141,409","200,742","59,333","1,585,525","3,636,033","2,050,508", Total,"13,651,336","15,850,602","2,199,266","236,763,581","288,286,704","51,523,123"
Dec-20,Dec-21,YTD 2020,YTD 2021,,Virgin Islands NP,"18,241","26,490","8,249","167,540","280,226","112,686", Total,"13,651,336","15,850,602","2,199,266","236,763,581","288,286,704","51,523,123"
Dec-20,Dec-21,YTD 2020,YTD 2021,,Voyageurs NP,19,357,338,"263,091","243,042","-20,049", Total,"13,651,336","15,850,602","2,199,266","236,763,581","288,286,704","51,523,123"
Dec-20,Dec-21,YTD 2020,YTD 2021,,Waco Mammoth NM,"4,003","5,802","1,799","46,457","81,338","34,881", Total,"13,651,336","15,850,602","2,199,266","236,763,581","288,286,704","51,523,123"
Dec-20,Dec-21,YTD 2020,YTD 2021,,Walnut Canyon NM,"11,977","8,161","-3,816","107,422","212,328","104,906", Total,"13,651,336","15,850,602","2,199,266","236,763,581","288,286,704","51,523,123"
Dec-20,Dec-21,YTD 2020,YTD 2021,,War in the Pacific NHP,"25,309","33,075","7,766","318,711","367,152","48,441", Total,"13,651,336","15,850,602","2,199,266","236,763,581","288,286,704","51,523,123"
Dec-20,Dec-21,YTD 2020,YTD 2021,,Washington Monument,"1,278","15,310","14,032","83,585","63,840","-19,745", Total,"13,651,336","15,850,602","2,199,266","236,763,581","288,286,704","51,523,123"
Dec-20,Dec-21,YTD 2020,YTD 2021,,Washita Battlefield NHS,943,811,-132,"12,520","15,237","2,717", Total,"13,651,336","15,850,602","2,199,266","236,763,581","288,286,704","51,523,123"
Dec-20,Dec-21,YTD 2020,YTD 2021,,Weir Farm NHP,"2,490","1,110","-1,380","25,430","31,512","6,082", Total,"13,651,336","15,850,602","2,199,266","236,763,581","288,286,704","51,523,123"
Dec-20,Dec-21,YTD 2020,YTD 2021,,Whiskeytown NRA,"31,753","17,864","-13,889","805,295","816,608","11,313", Total,"13,651,336","15,850,602","2,199,266","236,763,581","288,286,704","51,523,123"
Dec-20,Dec-21,YTD 2020,YTD 2021,,White House,"31,661","10,786","-20,875","114,519","14,205","-100,314", Total,"13,651,336","15,850,602","2,199,266","236,763,581","288,286,704","51,523,123"
Dec-20,Dec-21,YTD 2020,YTD 2021,,White Sands NP,"46,649","61,602","14,953","415,383","782,469","367,086", Total,"13,651,336","15,850,602","2,199,266","236,763,581","288,286,704","51,523,123"
Dec-20,Dec-21,YTD 2020,YTD 2021,,Whitman Mission NHS,846,840,-6,"34,933","43,921","8,988", Total,"13,651,336","15,850,602","2,199,266","236,763,581","288,286,704","51,523,123"
Dec-20,Dec-21,YTD 2020,YTD 2021,,William Howard Taft NHS,535,"1,144",609,"11,100","17,042","5,942", Total,"13,651,336","15,850,602","2,199,266","236,763,581","288,286,704","51,523,123"
Dec-20,Dec-21,YTD 2020,YTD 2021,,Wilson's Creek NB,"27,643","12,464","-15,179","287,260","271,245","-16,015", Total,"13,651,336","15,850,602","2,199,266","236,763,581","288,286,704","51,523,123"
Dec-20,Dec-21,YTD 2020,YTD 2021,,Wind Cave NP,"14,331","13,527",-804,"448,405","709,002","260,597", Total,"13,651,336","15,850,602","2,199,266","236,763,581","288,286,704","51,523,123"
Dec-20,Dec-21,YTD 2020,YTD 2021,,Wolf Trap NP for the Performing Arts,"3,383","7,706","4,323","30,073","249,794","219,721", Total,"13,651,336","15,850,602","2,199,266","236,763,581","288,286,704","51,523,123"
Dec-20,Dec-21,YTD 2020,YTD 2021,,Women's Rights NHP,162,879,717,"8,237","22,847","14,610", Total,"13,651,336","15,850,602","2,199,266","236,763,581","288,286,704","51,523,123"
Dec-20,Dec-21,YTD 2020,YTD 2021,,World War I Memorial,,,0,,,0, Total,"13,651,336","15,850,602","2,199,266","236,763,581","288,286,704","51,523,123"
Dec-20,Dec-21,YTD 2020,YTD 2021,,World War II Memorial,"196,672","311,467","114,795","1,924,128","3,727,167","1,803,039", Total,"13,651,336","15,850,602","2,199,266","236,763,581","288,286,704","51,523,123"
Dec-20,Dec-21,YTD 2020,YTD 2021,,Wrangell-St. Elias NP & PRES,35,35,0,"16,655","50,189","33,534", Total,"13,651,336","15,850,602","2,199,266","236,763,581","288,286,704","51,523,123"
Dec-20,Dec-21,YTD 2020,YTD 2021,,Wright Brothers NMEM,"13,833","15,177","1,344","277,963","482,192","204,229", Total,"13,651,336","15,850,602","2,199,266","236,763,581","288,286,704","51,523,123"
Dec-20,Dec-21,YTD 2020,YTD 2021,,Wupatki NM,"8,339","8,339",0,"146,074","206,336","60,262", Total,"13,651,336","15,850,602","2,199,266","236,763,581","288,286,704","51,523,123"
Dec-20,Dec-21,YTD 2020,YTD 2021,,Yellowstone NP,"28,643","37,749","9,106","3,806,306","4,860,537","1,054,231", Total,"13,651,336","15,850,602","2,199,266","236,763,581","288,286,704","51,523,123"
Dec-20,Dec-21,YTD 2020,YTD 2021,,Yosemite NP,"117,454","129,273","11,819","2,268,313","3,287,595","1,019,282", Total,"13,651,336","15,850,602","2,199,266","236,763,581","288,286,704","51,523,123"
Dec-20,Dec-21,YTD 2020,YTD 2021,,Yukon-Charley Rivers NPRES,20,0,-20,666,629,-37, Total,"13,651,336","15,850,602","2,199,266","236,763,581","288,286,704","51,523,123"
Dec-20,Dec-21,YTD 2020,YTD 2021,,Zion NP,"227,244","227,244",0,"3,591,254","5,055,096","1,463,842", Total,"13,651,336","15,850,602","2,199,266","236,763,581","288,286,704","51,523,123"
,,,,,,,,,,,,,,,,,,
Field21,Field22,Field23,Field24,Field25,Field26,Field27,Field28,Field29,Field30,Field31,Field32,,,,,,,
Total for DEC 2020,"13,651,336",Total for YTD 2020,"236,763,581",Total for DEC 2021,"15,850,602",Total for YTD 2021,"288,286,704","2,199,266","51,523,123",16.11%,21.76%,,,,,,,